Product Id,Product Handle,Product Title,Product Status,Product Thumbnail,Product Sales Channel 1,Variant Id
prod_01KM3CNCEN14KC4GGFTG6ZQKY6,maruti-s-presso,Maruti Suzuki S-Presso,published,http://localhost:9000/static/1773937316314-maruti_suzuki_s-presso_bluish_black.webp,sc_01KK94KTZWH57P930HPMREMB4X,variant_01KM3CNCN2K14VZB4X7KG6H91C
prod_01KM3CNCEN14KC4GGFTG6ZQKY6,maruti-s-presso,Maruti Suzuki S-Presso,published,http://localhost:9000/static/1773937316314-maruti_suzuki_s-presso_bluish_black.webp,sc_01KK94KTZWH57P930HPMREMB4X,variant_01KM3CNCN2TAPZ0NFCZ99DN4BE
prod_01KM3CND0JGTVC6NG8XDZEV85W,audi-r8,Audi R8,published,http://localhost:9000/static/1773937395517-audir8%20(1).jpg,sc_01KK94KTZWH57P930HPMREMB4X,variant_01KM3CND2EGMQSFCWE3V50PYRQ
prod_01KM3CND0JGTVC6NG8XDZEV85W,audi-r8,Audi R8,published,http://localhost:9000/static/1773937395517-audir8%20(1).jpg,sc_01KK94KTZWH57P930HPMREMB4X,variant_01KM3CND2FV98BN5A1NHKM6AHR
prod_01KM3CND54R0TJEF2GYMQPGBSA,ferrari-488-gtb,Ferrari 488 GTB,published,http://localhost:9000/static/1773937430424-ferrari-front.jpg,sc_01KK94KTZWH57P930HPMREMB4X,variant_01KM3CND6MXSXF5GC83KSPP2BY
prod_01KM3CND54R0TJEF2GYMQPGBSA,ferrari-488-gtb,Ferrari 488 GTB,published,http://localhost:9000/static/1773937430424-ferrari-front.jpg,sc_01KK94KTZWH57P930HPMREMB4X,variant_01KM3CND6NMQ1ZBJV3NGNCJFYM
prod_01KM3CND998S3XNR4BY1DQ1XB5,ford-ecosport,Ford EcoSport,published,http://localhost:9000/static/1773937528662-ecoblackfront.jpg,sc_01KK94KTZWH57P930HPMREMB4X,variant_01KM3CNDAK0YJKYMJS43NZ03NG
prod_01KM3CND998S3XNR4BY1DQ1XB5,ford-ecosport,Ford EcoSport,published,http://localhost:9000/static/1773937528662-ecoblackfront.jpg,sc_01KK94KTZWH57P930HPMREMB4X,variant_01KM3CNDAMZQAVRD5CXDRAKN6E
prod_01KM3CND998S3XNR4BY1DQ1XB5,ford-ecosport,Ford EcoSport,published,http://localhost:9000/static/1773937528662-ecoblackfront.jpg,sc_01KK94KTZWH57P930HPMREMB4X,variant_01KM3CNDAM964MK4Y5MF8D1ARP
prod_01KM3G27RE7JR9JWC4M201FQPV,ford-ecosport-ambiente,Ford EcoSport Ambiente,published,http://localhost:9000/static/1773939132334-ecoblackleft.jpg,sc_01KK94KTZWH57P930HPMREMB4X,variant_01KM3G27VKZ6RMJ9B119JHZ6WX
prod_01KM3G27RE7JR9JWC4M201FQPV,ford-ecosport-ambiente,Ford EcoSport Ambiente,published,http://localhost:9000/static/1773939132334-ecoblackleft.jpg,sc_01KK94KTZWH57P930HPMREMB4X,variant_01KM3G27VKRSFF68Y4N3DHZ2K0
prod_01KM3G27Z8D0N1ZG8MJB4FXEHZ,ford-ecosport-trend,Ford EcoSport Trend,published,http://localhost:9000/static/1773939157556-ecobluefront.jpg,sc_01KK94KTZWH57P930HPMREMB4X,variant_01KM3G2811TJS0J6W77QYJ0C53
prod_01KM3G27Z8D0N1ZG8MJB4FXEHZ,ford-ecosport-trend,Ford EcoSport Trend,published,http://localhost:9000/static/1773939157556-ecobluefront.jpg,sc_01KK94KTZWH57P930HPMREMB4X,variant_01KM3G28114PCPJQ5DE9F28TKQ
prod_01KM3G283C61EVP0NMMH9MMEYH,ford-ecosport-titanium,Ford EcoSport Titanium,published,http://localhost:9000/static/1773939189058-ecowhitefront.jpg,sc_01KK94KTZWH57P930HPMREMB4X,variant_01KM3G284X2R6PY3YDRTPS5D7R
prod_01KM3G283C61EVP0NMMH9MMEYH,ford-ecosport-titanium,Ford EcoSport Titanium,published,http://localhost:9000/static/1773939189058-ecowhitefront.jpg,sc_01KK94KTZWH57P930HPMREMB4X,variant_01KM3G284X19KJDWK6RHTHFD50
prod_01KM3G283C61EVP0NMMH9MMEYH,ford-ecosport-titanium,Ford EcoSport Titanium,published,http://localhost:9000/static/1773939189058-ecowhitefront.jpg,sc_01KK94KTZWH57P930HPMREMB4X,variant_01KM3G284X2XMPDF9A23SAVMC5
prod_01KM3G287GB19GQXVJQZ6E50AX,ford-ecosport-s,Ford EcoSport S,published,http://localhost:9000/static/1773939215501-ecobrownfront.jpg,sc_01KK94KTZWH57P930HPMREMB4X,variant_01KM3G288Z8SPX3X2JHHQZYEB6
prod_01KM3G287GB19GQXVJQZ6E50AX,ford-ecosport-s,Ford EcoSport S,published,http://localhost:9000/static/1773939215501-ecobrownfront.jpg,sc_01KK94KTZWH57P930HPMREMB4X,variant_01KM3G2890DH0G5394VQH4X917
prod_01KM3G28B7CE9ZXNSSTMP0CSPK,ford-ecosport-se,Ford EcoSport SE,published,http://localhost:9000/static/1773939243648-ecoorangefront.jpg,sc_01KK94KTZWH57P930HPMREMB4X,variant_01KM3G28CR60DPZMAA5R5Y96G8
prod_01KM3G28B7CE9ZXNSSTMP0CSPK,ford-ecosport-se,Ford EcoSport SE,published,http://localhost:9000/static/1773939243648-ecoorangefront.jpg,sc_01KK94KTZWH57P930HPMREMB4X,variant_01KM3G28CRRP0ZJQBWTA90DYJ5
prod_01KM3G28F0GJH5EHBFPSZ4CFCC,ford-ecosport-trend-plus,Ford EcoSport Trend Plus,published,http://localhost:9000/static/1773939267122-ecoredfront.jpg,sc_01KK94KTZWH57P930HPMREMB4X,variant_01KM3G28GP7TQ9N300BJ5V58MM
prod_01KM3G28F0GJH5EHBFPSZ4CFCC,ford-ecosport-trend-plus,Ford EcoSport Trend Plus,published,http://localhost:9000/static/1773939267122-ecoredfront.jpg,sc_01KK94KTZWH57P930HPMREMB4X,variant_01KM3G28GPFVWMX07AX4EW8HTG
prod_01KM3G28F0GJH5EHBFPSZ4CFCC,ford-ecosport-trend-plus,Ford EcoSport Trend Plus,published,http://localhost:9000/static/1773939267122-ecoredfront.jpg,sc_01KK94KTZWH57P930HPMREMB4X,variant_01KM3G28GPAAKKS8H6P6F8BNPJ
prod_01KM3G28K1V82PSD6T054Q8Q7J,ford-ecosport-signature-edition,Ford EcoSport Signature Edition,published,http://localhost:9000/static/1773939298993-ecoyellowfront.jpg,sc_01KK94KTZWH57P930HPMREMB4X,variant_01KM3G28MKY28HQKNET3W1NPRP
prod_01KM3G28K1V82PSD6T054Q8Q7J,ford-ecosport-signature-edition,Ford EcoSport Signature Edition,published,http://localhost:9000/static/1773939298993-ecoyellowfront.jpg,sc_01KK94KTZWH57P930HPMREMB4X,variant_01KM3G28MKPG34MDXY25CT8Q57
prod_01KM3G28K1V82PSD6T054Q8Q7J,ford-ecosport-signature-edition,Ford EcoSport Signature Edition,published,http://localhost:9000/static/1773939298993-ecoyellowfront.jpg,sc_01KK94KTZWH57P930HPMREMB4X,variant_01KM3G28MK00J486H9KNW5Q16Y
prod_01KM3VH28FD9QVYHMKB9ZN31T0,honda-brio,Honda Brio,published,http://localhost:9000/static/1773951171402-dl.jpg,sc_01KK94KTZWH57P930HPMREMB4X,variant_01KM3VH2BADV930FW5HSN1FTGE
prod_01KM3VH28FD9QVYHMKB9ZN31T0,honda-brio,Honda Brio,published,http://localhost:9000/static/1773951171402-dl.jpg,sc_01KK94KTZWH57P930HPMREMB4X,variant_01KM3VH2BB5XFEHG7PNQRT39FX
prod_01KM3VH28FD9QVYHMKB9ZN31T0,honda-brio,Honda Brio,published,http://localhost:9000/static/1773951171402-dl.jpg,sc_01KK94KTZWH57P930HPMREMB4X,variant_01KM3VH2BBEJ35PGT7BKA4MXHM
prod_01KM3VH28FD9QVYHMKB9ZN31T0,honda-brio,Honda Brio,published,http://localhost:9000/static/1773951171402-dl.jpg,sc_01KK94KTZWH57P930HPMREMB4X,variant_01KM3VH2BBVBK1N8VFTSSETNQA
prod_01KM3VH2G2577N89VNFYNXBRM0,honda-brio-e,Honda Brio E,published,http://localhost:9000/static/1773951312334-harga-mobil-honda-brio-baru-2015.jpg,sc_01KK94KTZWH57P930HPMREMB4X,variant_01KM3VH2HAANTZNA8VDK2SHRP3
prod_01KM3VH2K7HYYJ0874QHM80S7B,honda-brio-s,Honda Brio S,published,http://localhost:9000/static/1773951333360-Honda-Brio-web.jpg,sc_01KK94KTZWH57P930HPMREMB4X,variant_01KM3VH2MDSYPHQEANEPSE3JEK
prod_01KM3VH2P5K1TPA7VF1CRMT3AG,honda-brio-vx,Honda Brio VX,published,http://localhost:9000/static/1773951362665-dl.jpg,sc_01KK94KTZWH57P930HPMREMB4X,variant_01KM3VH2QB8V0Z29BMVH0GJBPJ
prod_01KM3VH2P5K1TPA7VF1CRMT3AG,honda-brio-vx,Honda Brio VX,published,http://localhost:9000/static/1773951362665-dl.jpg,sc_01KK94KTZWH57P930HPMREMB4X,variant_01KM3VH2QBDCS9S6M1MCQ7EPNG
prod_01KM3VH2SAV2V4Q8V20GBN5HQS,honda-amaze,Honda Amaze,published,http://localhost:9000/static/1773951421851-amazefront1.jpg,sc_01KK94KTZWH57P930HPMREMB4X,variant_01KM3VH2TK4N97YZR3KRY1D0E0
prod_01KM3VH2SAV2V4Q8V20GBN5HQS,honda-amaze,Honda Amaze,published,http://localhost:9000/static/1773951421851-amazefront1.jpg,sc_01KK94KTZWH57P930HPMREMB4X,variant_01KM3VH2TKM39Y1YH7H9M2Q7SF
prod_01KM3VH2SAV2V4Q8V20GBN5HQS,honda-amaze,Honda Amaze,published,http://localhost:9000/static/1773951421851-amazefront1.jpg,sc_01KK94KTZWH57P930HPMREMB4X,variant_01KM3VH2TK8X0RQBKPSDJ2VKPJ
prod_01KM3VH2SAV2V4Q8V20GBN5HQS,honda-amaze,Honda Amaze,published,http://localhost:9000/static/1773951421851-amazefront1.jpg,sc_01KK94KTZWH57P930HPMREMB4X,variant_01KM3VH2TKQ8N7WQKN1TJ84CWY
prod_01KM3VH2SAV2V4Q8V20GBN5HQS,honda-amaze,Honda Amaze,published,http://localhost:9000/static/1773951421851-amazefront1.jpg,sc_01KK94KTZWH57P930HPMREMB4X,variant_01KM3VH2TMBXF393C73HQR28QA
prod_01KM3VH2SAV2V4Q8V20GBN5HQS,honda-amaze,Honda Amaze,published,http://localhost:9000/static/1773951421851-amazefront1.jpg,sc_01KK94KTZWH57P930HPMREMB4X,variant_01KM3VH2TMPC1RNY7CYWA7X1Z2
prod_01KM3VH2XF1A4A7YNHR8WF6EW4,honda-amaze-e,Honda Amaze E,published,http://localhost:9000/static/1773951469205-amazefront.jpg,sc_01KK94KTZWH57P930HPMREMB4X,variant_01KM3VH2YJQR05DS6197MPF1H9
prod_01KM3VH308B5NV7ZJ26WEE9F1K,honda-amaze-s,Honda Amaze S,published,http://localhost:9000/static/1773951551580-amazefront1.jpg,sc_01KK94KTZWH57P930HPMREMB4X,variant_01KM3VH31C37YFQJCJDEZV89NG
prod_01KM3VH308B5NV7ZJ26WEE9F1K,honda-amaze-s,Honda Amaze S,published,http://localhost:9000/static/1773951551580-amazefront1.jpg,sc_01KK94KTZWH57P930HPMREMB4X,variant_01KM3VH31C7JDEE9CWS7RRBYZA
prod_01KM3VH337YQXZWH6HVX11ZWJB,honda-amaze-vx,Honda Amaze VX,published,http://localhost:9000/static/1773951572509-amazeinblue.jpg,sc_01KK94KTZWH57P930HPMREMB4X,variant_01KM3VH34B4K32839P6NMP8EA0
prod_01KM3VH337YQXZWH6HVX11ZWJB,honda-amaze-vx,Honda Amaze VX,published,http://localhost:9000/static/1773951572509-amazeinblue.jpg,sc_01KK94KTZWH57P930HPMREMB4X,variant_01KM3VH34CZ9251S9JDFSF68QN
prod_01KM3VH337YQXZWH6HVX11ZWJB,honda-amaze-vx,Honda Amaze VX,published,http://localhost:9000/static/1773951572509-amazeinblue.jpg,sc_01KK94KTZWH57P930HPMREMB4X,variant_01KM3VH34CAFZYR5XX3AFV5CMV
prod_01KM3XHYSVP35V3DBG6J786HKK,honda-brv,Honda BRV,published,http://localhost:9000/static/1773953328834-HondaBRV.JPg,sc_01KK94KTZWH57P930HPMREMB4X,
prod_01KM3XHYXK12GDC608K8T4MZAP,honda-brv-e,Honda BR-V E,published,http://localhost:9000/static/1773953367742-HondaBRV.JPg,sc_01KK94KTZWH57P930HPMREMB4X,variant_01KM3XHYZN5D274YM6GJB02R6V
prod_01KM3XHZ2R5BV4BE7TTEH3XCEJ,honda-brv-s,Honda BR-V S,published,http://localhost:9000/static/1773953396206-Hondabrvrear.jpg,sc_01KK94KTZWH57P930HPMREMB4X,variant_01KM3XHZ4E1HB24QW72XZA3N7D
prod_01KM3XHZ2R5BV4BE7TTEH3XCEJ,honda-brv-s,Honda BR-V S,published,http://localhost:9000/static/1773953396206-Hondabrvrear.jpg,sc_01KK94KTZWH57P930HPMREMB4X,variant_01KM3XHZ4E8FVAZE7QNP10KF3M
prod_01KM3XHZ8MA1P3NMQZ3PC25MZY,honda-brv-v,Honda BR-V V,published,http://localhost:9000/static/1773953425949-HondaBRV.JPg,sc_01KK94KTZWH57P930HPMREMB4X,variant_01KM3XHZA6ZVYXQTT1W5Y689KH
prod_01KM3XHZ8MA1P3NMQZ3PC25MZY,honda-brv-v,Honda BR-V V,published,http://localhost:9000/static/1773953425949-HondaBRV.JPg,sc_01KK94KTZWH57P930HPMREMB4X,variant_01KM3XHZA6BGZB2JS4Y6RC6913
prod_01KM3XHZ8MA1P3NMQZ3PC25MZY,honda-brv-v,Honda BR-V V,published,http://localhost:9000/static/1773953425949-HondaBRV.JPg,sc_01KK94KTZWH57P930HPMREMB4X,variant_01KM3XHZA6H8EQP8Y7546VSMS0
prod_01KM3XHZCD86BQCVBHS70KNHMR,honda-city,Honda City,published,http://localhost:9000/static/1773953509869-hondacity-blue-front.jpg,sc_01KK94KTZWH57P930HPMREMB4X,
prod_01KM3XHZE6YDGGJDB4NPGJCKJQ,honda-city-sv,Honda City SV,published,http://localhost:9000/static/1773953540278-honda-city.jpg,sc_01KK94KTZWH57P930HPMREMB4X,variant_01KM3XHZFC10A3951RV7D352WQ
prod_01KM3XHZHCB45DGB9DP04NMXG7,honda-city-v,Honda City V,published,http://localhost:9000/static/1773953568958-honda-city-silver.jpg,sc_01KK94KTZWH57P930HPMREMB4X,variant_01KM3XHZK1JRKBEZX60E6129YR
prod_01KM3XHZHCB45DGB9DP04NMXG7,honda-city-v,Honda City V,published,http://localhost:9000/static/1773953568958-honda-city-silver.jpg,sc_01KK94KTZWH57P930HPMREMB4X,variant_01KM3XHZK1Q7Y11VCV442HXCMW
prod_01KM3XHZN4WAT4B14WVH0ENC2J,honda-city-vx,Honda City VX,published,http://localhost:9000/static/1773953614472-Honda-city-red%20(1).jpg,sc_01KK94KTZWH57P930HPMREMB4X,variant_01KM3XHZPGXR5SJZNNPKGWQY6R
prod_01KM3XHZN4WAT4B14WVH0ENC2J,honda-city-vx,Honda City VX,published,http://localhost:9000/static/1773953614472-Honda-city-red%20(1).jpg,sc_01KK94KTZWH57P930HPMREMB4X,variant_01KM3XHZPHPHBYTCCAZJZRZCFM
prod_01KM5CJR2JY1SAQXJ2J2EW17TY,honda-jazz,Honda Jazz,published,http://localhost:9000/static/1774002551218-honda-jazz-blue-2.jpg,sc_01KK94KTZWH57P930HPMREMB4X,
prod_01KM5CJRJ030B6720E1QW9TTVC,honda-jazz-v,Honda Jazz V,published,http://localhost:9000/static/1774002594559-jazz-yellow.jpg,sc_01KK94KTZWH57P930HPMREMB4X,
prod_01KM5CJRMFN0FF6YQENTMJB9C8,honda-jazz-vx,Honda Jazz VX,published,http://localhost:9000/static/1774002626499-honda-jazz-blu-front%20(1).jpg,sc_01KK94KTZWH57P930HPMREMB4X,
prod_01KM5CJRPT6M604TRYSECGG7QG,honda-jazz-zx,Honda Jazz ZX,published,http://localhost:9000/static/1774002650935-honda-jazz-blue.jpg,sc_01KK94KTZWH57P930HPMREMB4X,
prod_01KM5CJRS3J80P4H7W8ZHG4RXG,honda-mobilio,Honda Mobilio,published,http://localhost:9000/static/1774002701274-honda-mobilio-mpv.jpg,sc_01KK94KTZWH57P930HPMREMB4X,
prod_01KM5CJRV8HY9X116THVJ34N9E,honda-mobilio-e,Honda Mobilio E,published,http://localhost:9000/static/1774002728982-honda-mobilio-mpv.jpg,sc_01KK94KTZWH57P930HPMREMB4X,
prod_01KM5CJRX97D73S2RM5QDPS8VX,honda-mobilio-s,Honda Mobilio S,published,http://localhost:9000/static/1774002753363-mobilio.white.front.jpg,sc_01KK94KTZWH57P930HPMREMB4X,
prod_01KM5N1N4G123SKV18B3EJ3FJ0,hyundai-creta,Hyundai Creta,published,http://localhost:9000/static/1774011523377-grey1.jpg,sc_01KK94KTZWH57P930HPMREMB4X,
prod_01KM5N1NP1RB615NC4HSNG1JT4,hyundai-creta-e,Hyundai Creta E,published,http://localhost:9000/static/1774011587547-black1.jpg,sc_01KK94KTZWH57P930HPMREMB4X,
prod_01KM5N1NS2F0QFJN3ATXTA0P24,hyundai-creta-ex,Hyundai Creta EX,published,http://localhost:9000/static/1774011617622-blue1.JPG,sc_01KK94KTZWH57P930HPMREMB4X,
prod_01KM5N1NVAFCHRAZTMJVHMX6ZV,hyundai-creta-s,Hyundai Creta S,published,http://localhost:9000/static/1774011670040-grey2.jpg,sc_01KK94KTZWH57P930HPMREMB4X,
prod_01KM5N1NXJ9TMX7DQJ10GKMWRH,hyundai-creta-so,Hyundai Creta S(O),published,http://localhost:9000/static/1774011704030-plear2.jpg,sc_01KK94KTZWH57P930HPMREMB4X,
prod_01KM5N1NZNF83K10DJ3C3RMCQN,hyundai-creta-sx,Hyundai Creta SX,published,http://localhost:9000/static/1774011730117-red1.jpg,sc_01KK94KTZWH57P930HPMREMB4X,
prod_01KM5N1P1PMDWXXG2C3N49Y643,hyundai-creta-sxo,Hyundai Creta SX(O),published,http://localhost:9000/static/1774011830200-sleeksilver2.jpg,sc_01KK94KTZWH57P930HPMREMB4X,
prod_01KM5N1P3VVPER1YMS37C5KCPQ,hyundai-elantra,Hyundai Elantra,published,http://localhost:9000/static/1774011906290-BLACK1.JPG,sc_01KK94KTZWH57P930HPMREMB4X,
prod_01KM5N1P65KNBENH5BDZCCJN7E,hyundai-elantra-s,Hyundai Elantra S,published,http://localhost:9000/static/1774011936574-BLACK2.JPG,sc_01KK94KTZWH57P930HPMREMB4X,
prod_01KM5N1P87P8P22P61MHR2ZDBV,hyundai-elantra-sx,Hyundai Elantra SX,published,http://localhost:9000/static/1774011966905-BLUE1.JPG,sc_01KK94KTZWH57P930HPMREMB4X,
prod_01KM5N1PACJKZTXX0HDNA5FFA4,hyundai-elantra-sxo,Hyundai Elantra SX(O),published,http://localhost:9000/static/1774011998315-RED1.JPG,sc_01KK94KTZWH57P930HPMREMB4X,
prod_01KM5N1PCDFMKQXZY098AG2VQ0,hyundai-elantra-sxo-at,Hyundai Elantra SX(O) AT,published,http://localhost:9000/static/1774012032931-Sleek1.JPG,sc_01KK94KTZWH57P930HPMREMB4X,
prod_01KM5RX82ASFCKSNGMD38DN3N6,hyundai-elite-i20,Hyundai Elite i20,published,http://localhost:9000/static/1774015704015-blue1.jpg,sc_01KK94KTZWH57P930HPMREMB4X,
prod_01KM5RX86HTGEA7SF2S0FEFRBN,hyundai-elite-i20-era,Hyundai Elite i20 Era,published,http://localhost:9000/static/1774015747517-black1.jpg,sc_01KK94KTZWH57P930HPMREMB4X,
prod_01KM5RX88MR24P1NYECNZTD1DP,hyundai-elite-i20-magna,Hyundai Elite i20 Magna,published,http://localhost:9000/static/1774015790793-blue2.jpg,sc_01KK94KTZWH57P930HPMREMB4X,
prod_01KM5RX8B5DZWVRJCQYXAEZMX2,hyundai-elite-i20-sportz,Hyundai Elite i20 Sportz,published,http://localhost:9000/static/1774015816186-red1.jpg,sc_01KK94KTZWH57P930HPMREMB4X,
prod_01KM5RX8DQBRVG2F88NEG16ZQF,hyundai-elite-i20-asta,Hyundai Elite i20 Asta,published,http://localhost:9000/static/1774015844495-sleeksliver2.jpg,sc_01KK94KTZWH57P930HPMREMB4X
prod_01KM5RX8FKQGJ4PVZDKB16XXZR,hyundai-elite-i20-astao,Hyundai Elite i20 Asta(O),published,http://localhost:9000/static/1774015874047-stardust2.jpg,sc_01KK94KTZWH57P930HPMREMB4X
prod_01KM5RX8HARQ73E8CFQABXS5KC,hyundai-elite-i20-magna-cvt,Hyundai Elite i20 Magna CVT,published,http://localhost:9000/static/1774015905316-white1.jpg,sc_01KK94KTZWH57P930HPMREMB4X
prod_01KM5RX8K9SG54FPB1KRWA718N,hyundai-eon,Hyundai Eon,published,http://localhost:9000/static/1774015936951-redfront.jpg,sc_01KK94KTZWH57P930HPMREMB4X
prod_01KM5RX8N7D8HGA1F8F87Y7VMS,hyundai-eon-era,Hyundai Eon Era,published,http://localhost:9000/static/1774015991354-Bluefront.jpg,sc_01KK94KTZWH57P930HPMREMB4X
prod_01KM5RX8QCBNH3V8Q394AYH1MD,hyundai-eon-magna,Hyundai Eon Magna,published,http://localhost:9000/static/1774016037116-eonfront.jpg,sc_01KK94KTZWH57P930HPMREMB4X
prod_01KM5RX8S1QVMYQM2Y8R7F5GJ9,hyundai-eon-dlite,Hyundai Eon D-Lite,published,http://localhost:9000/static/1774016059480-redfront.jpg,sc_01KK94KTZWH57P930HPMREMB4X
prod_01KM5RX8TZ47DW0QSMKF5D4NYF,hyundai-eon-sportz,Hyundai Eon Sportz,published,http://localhost:9000/static/1774016080760-whitefront.jpg,sc_01KK94KTZWH57P930HPMREMB4X
prod_01KM5RX8WPCWJT6YW7DJMWFPPR,hyundai-eon-magnaplus,Hyundai Eon Magna+,published,http://localhost:9000/static/1774016114195-eonfront.jpg,sc_01KK94KTZWH57P930HPMREMB4X
prod_01KNV571KMTKK1GN100V8S192F,hyundai-grand-i10-sportz,Hyundai Grand i10 Sportz,published,http://localhost:9000/static/1775807244100-Orange1.jpg,sc_01KK94KTZWH57P930HPMREMB4X
prod_01KNV571X247AEVZ5ST7R5NHX9,hyundai-grand-i10-era,Hyundai Grand i10 Era,published,http://localhost:9000/static/1775807290056-blue1.jpg,sc_01KK94KTZWH57P930HPMREMB4X
prod_01KNV571Z0JX0MDDR7EMCJDCS0,hyundai-grand-i10-magna,Hyundai Grand i10 Magna,published,http://localhost:9000/static/1775807339938-Red1.jpg,sc_01KK94KTZWH57P930HPMREMB4X
prod_01KNV57237094PAGPQVACJJAJH,hyundai-grand-i10-asta,Hyundai Grand i10 Asta,published,http://localhost:9000/static/1775807394786-whiteot.jpg,sc_01KK94KTZWH57P930HPMREMB4X
prod_01KNV5725KQYTEEK61J7HDTQ5J,hyundai-i10-sportz,Hyundai i10 Sportz,published,http://localhost:9000/static/1775807471641-Hyundai-4-Ignition-Live.jpg,sc_01KK94KTZWH57P930HPMREMB4X
prod_01KNV5727GJ3AEW36P76GAKVCQ,hyundai-i10-dlite,Hyundai i10 D-Lite,published,http://localhost:9000/static/1775807510174-i10bluefront.jpg,sc_01KK94KTZWH57P930HPMREMB4X
prod_01KNV5729DCD5QRW8QHD9NJZ0V,hyundai-i10-era,Hyundai i10 Era,published,http://localhost:9000/static/1775807552517-i10whitefront.jpg,sc_01KK94KTZWH57P930HPMREMB4X
prod_01KNV572BE9CS0ZE7ZH9GZ5PR0,hyundai-i10-magna,Hyundai i10 Magna,published,http://localhost:9000/static/1775807581229-redi10.jpg,sc_01KK94KTZWH57P930HPMREMB4X
prod_01KNV572E4KBTN3HB9D0FRPQN3,hyundai-i20-active,Hyundai i20 Active,published,http://localhost:9000/static/1775807659268-black2.jpg,sc_01KK94KTZWH57P930HPMREMB4X
prod_01KNV572GVYFDD0HJ1K945Z1DZ,hyundai-i20-active-base,Hyundai i20 Active Base,published,http://localhost:9000/static/1775807684339-black1.jpg,sc_01KK94KTZWH57P930HPMREMB4X
prod_01KNV572JHXVN3ZP27JQ4FDMD1,hyundai-i20-active-s,Hyundai i20 Active S,published,http://localhost:9000/static/1775807710207-brown3.jpg,sc_01KK94KTZWH57P930HPMREMB4X
prod_01KNV572MR231X6822QJ4JJA6H,hyundai-i20-active-sx,Hyundai i20 Active SX,published,http://localhost:9000/static/1775807734351-offwh2.jpg,sc_01KK94KTZWH57P930HPMREMB4X
prod_01KNV572PQ6KQK2HH7A18BQTNZ,hyundai-i20-active-sx-dual-tone,Hyundai i20 Active SX Dual Tone,published,http://localhost:9000/static/1775807763037-red1.jpg,sc_01KK94KTZWH57P930HPMREMB4X
prod_01KNV5HA2H4T79R10T55WZ23VD,hyundai-grand-i10,Hyundai Grand i10,published,http://localhost:9000/static/1775807432430-blue1.jpg,sc_01KK94KTZWH57P930HPMREMB4X
prod_01KNV5HA7B1P722AAJ8QNXQKFZ,hyundai-i10,Hyundai i10,published,http://localhost:9000/static/1775807612923-i10silver.jpg,sc_01KK94KTZWH57P930HPMREMB4X
prod_01KNVBE447SWTAQGPZJ4QD9Q1F,hyundai-santa-fe,Hyundai Santa Fe,published,http://localhost:9000/static/1775813332488-santafesleek1.jpg,sc_01KK94KTZWH57P930HPMREMB4X
prod_01KNVBE48MMJNP8CZXB92MS8GN,hyundai-santa-fe-2wd-mt,Hyundai Santa Fe 2WD MT,published,http://localhost:9000/static/1775813370348-santafeBLU.JPG,sc_01KK94KTZWH57P930HPMREMB4X
prod_01KNVBE4AZXHDSJFFKAEQPF5PZ,hyundai-santa-fe-2wd-at,Hyundai Santa Fe 2WD AT,published,http://localhost:9000/static/1775813402809-santafered.jpg,sc_01KK94KTZWH57P930HPMREMB4X
prod_01KNVBE4D80J978WATS3JV81G2,hyundai-santa-fe-4wd-at,Hyundai Santa Fe 4WD AT,published,http://localhost:9000/static/1775813436012-santafewhite.JPG,sc_01KK94KTZWH57P930HPMREMB4X
prod_01KNVBE4GVZSXD7GVZ7JJXABC9,hyundai-verna,Hyundai Verna,published,http://localhost:9000/static/1775813480078-red1.jpg,sc_01KK94KTZWH57P930HPMREMB4X
prod_01KNVBE4MAWBS0FDZAGS1R4MY6,hyundai-verna-ex,Hyundai Verna EX,published,http://localhost:9000/static/1775813509810-black1.jpg,sc_01KK94KTZWH57P930HPMREMB4X
prod_01KNVBE4PGAAFXT0WYFWSF8AMC,hyundai-verna-s,Hyundai Verna S,published,http://localhost:9000/static/1775813550625-red2.jpg,sc_01KK94KTZWH57P930HPMREMB4X
prod_01KNVBE4RNFWZD3Q5RRHBWCDFE,hyundai-verna-sx,Hyundai Verna SX,published,http://localhost:9000/static/1775813595403-sleek1.jpg,sc_01KK94KTZWH57P930HPMREMB4X
prod_01KNVBE4TVV17FCHGSG0FJG2Q3,hyundai-verna-sx-o,Hyundai Verna SX(O),published,http://localhost:9000/static/1775813621352-stardust1.jpg,sc_01KK94KTZWH57P930HPMREMB4X
prod_01KNVBE4XRBAPG358QPWEEG3B9,hyundai-verna-s-ivt,Hyundai Verna S IVT,published,http://localhost:9000/static/1775813664638-white1.jpg,sc_01KK94KTZWH57P930HPMREMB4X
prod_01KNVBE50QBDF3H44H2ZQM0H4P,hyundai-xcent,Hyundai Xcent,published,http://localhost:9000/static/1775813695276-blue1.jpg,sc_01KK94KTZWH57P930HPMREMB4X
prod_01KNVBE52MQB4NG7VWGQQSAH4K,hyundai-xcent-gle,Hyundai Xcent GLE,published,http://localhost:9000/static/1775813738516-blue2.jpg,sc_01KK94KTZWH57P930HPMREMB4X
prod_01KNVBE54KJNBXND4BV2KSP6JQ,hyundai-xcent-gls,Hyundai Xcent GLS,published,http://localhost:9000/static/1775813763029-red1.jpg,sc_01KK94KTZWH57P930HPMREMB4X
prod_01KNVBE56J432FSECXEDV8AFNK,hyundai-xcent-gvs,Hyundai Xcent GVS,published,http://localhost:9000/static/1775813798228-sleek1.jpg,sc_01KK94KTZWH57P930HPMREMB4X
prod_01KNVBE58C12X6BJB24JEN45XK,hyundai-xcent-crdi,Hyundai Xcent CRDi,published,http://localhost:9000/static/1775813834603-white3.jpg,sc_01KK94KTZWH57P930HPMREMB4X
prod_01KNVHQV2HRFN4SDNKK4FBNM3A,mahindra-bolero,Mahindra Bolero,published,http://localhost:9000/static/1775819948155-RED2.jpg,sc_01KK94KTZWH57P930HPMREMB4X
prod_01KNVHQV90R0TQZ2KJQM5WM164,mahindra-bolero-b4,Mahindra Bolero B4,published,http://localhost:9000/static/1775819999214-BLACK1.jpg,sc_01KK94KTZWH57P930HPMREMB4X
prod_01KNVHQVB4E6EBM3K0P4QWDF6Y,mahindra-bolero-b6,Mahindra Bolero B6,published,http://localhost:9000/static/1775820027244-BROWN1.jpg,sc_01KK94KTZWH57P930HPMREMB4X
prod_01KNVHQVD9DJCDPPGACVACCSSA,mahindra-bolero-b6-o,Mahindra Bolero B6(O),published,http://localhost:9000/static/1775820052556-RED1.jpg,sc_01KK94KTZWH57P930HPMREMB4X
prod_01KNVHQVFNBAPK47Q9RZRQVHZS,mahindra-bolero-di,Mahindra Bolero DI,published,http://localhost:9000/static/1775820083960-ROCK1.jpg,sc_01KK94KTZWH57P930HPMREMB4X
prod_01KNVHQVHSP7Z179THDK1771DT,mahindra-bolero-di-ac,Mahindra Bolero DI AC,published,http://localhost:9000/static/1775820132060-WHITE1.jpg,sc_01KK94KTZWH57P930HPMREMB4X
prod_01KNVHQVKW7ATJNP7NP9R95M9C,mahindra-xuv100,Mahindra XUV100,published,http://localhost:9000/static/1775820167230-black1.jpg,sc_01KK94KTZWH57P930HPMREMB4X
prod_01KNVHQVP7M3T2SHJ18XA4E1SG,mahindra-xuv100-k2,Mahindra XUV100 K2,published,http://localhost:9000/static/1775820193205-black2.jpg,sc_01KK94KTZWH57P930HPMREMB4X
prod_01KNVHQVR9YAS04SV2JW6NN2R1,mahindra-xuv100-k2-plus,Mahindra XUV100 K2+,published,http://localhost:9000/static/1775820218178-blue1.jpg,sc_01KK94KTZWH57P930HPMREMB4X
prod_01KNVHQVTAN9RKJZ7QKZDERD3F,mahindra-xuv100-k4,Mahindra XUV100 K4,published,http://localhost:9000/static/1775820250107-grey2.jpg,sc_01KK94KTZWH57P930HPMREMB4X
prod_01KNVHQVWBRBGT8KTXYHMN98DF,mahindra-xuv100-k4-plus,Mahindra XUV100 K4+,published,http://localhost:9000/static/1775820294946-orange2.jpg,sc_01KK94KTZWH57P930HPMREMB4X
prod_01KNVHQVYE2AJED371NFH2R726,mahindra-xuv100-k6,Mahindra XUV100 K6,published,http://localhost:9000/static/1775820332804-red1.jpg,sc_01KK94KTZWH57P930HPMREMB4X
prod_01KNVHQW0JRAM3315CJ932VCDZ,mahindra-xuv100-k6-plus,Mahindra XUV100 K6+,published,http://localhost:9000/static/1775820356095-silver1.jpg,sc_01KK94KTZWH57P930HPMREMB4X
prod_01KNVHQW2AFTRCAAD81WNMS2QW,mahindra-xuv100-k8,Mahindra XUV100 K8,published,http://localhost:9000/static/1775820379259-white1.jpg,sc_01KK94KTZWH57P930HPMREMB4X
prod_01KNVHQW48M5XRTVEBKY93ZPX4,mahindra-xuv100-k2-nxt,Mahindra XUV100 K2 NXT,published,http://localhost:9000/static/1775820411482-mahindra-kuv100-front-827_827x510_71452837261.jpg,sc_01KK94KTZWH57P930HPMREMB4X
prod_01KNVHQW6FWHQ6HC9TWRS4JFCV,mahindra-nuvosport,Mahindra NuvoSport,published,http://localhost:9000/static/1775820454348-black1.jpg,sc_01KK94KTZWH57P930HPMREMB4X
prod_01KNVHQW8EG1PZT1QPJW41AW38,mahindra-nuvosport-n4,Mahindra NuvoSport N4,published,http://localhost:9000/static/1775820476333-bluefront.jpg,sc_01KK94KTZWH57P930HPMREMB4X
prod_01KNVHQWATXSFS22QXK35W4279,mahindra-nuvosport-n6,Mahindra NuvoSport N6,published,http://localhost:9000/static/1775820500771-oragefront.jpg,sc_01KK94KTZWH57P930HPMREMB4X
prod_01KNVHQWCS2CT0ZNRPSVJX7EW5,mahindra-nuvosport-n8,Mahindra NuvoSport N8,published,http://localhost:9000/static/1775820538511-redfront.jpg,sc_01KK94KTZWH57P930HPMREMB4X
prod_01KNVHQWETW9D8DMSY48K2JA4R,mahindra-scorpio,Mahindra Scorpio,published,http://localhost:9000/static/1775820571442-mahindra-scorpio-s2-rear.jpg,sc_01KK94KTZWH57P930HPMREMB4X
prod_01KNVHQWGQMSBWV7VRDCJ3W79B,mahindra-scorpio-s2,Mahindra Scorpio S2,published,http://localhost:9000/static/1775820606544-scorpiorearins.jpg,sc_01KK94KTZWH57P930HPMREMB4X
prod_01KNVHQWJPFC1HV9PVHEX5ZXAK,mahindra-scorpio-s10,Mahindra Scorpio S10,published,http://localhost:9000/static/1775820736664-scorpioblue.jpg,sc_01KK94KTZWH57P930HPMREMB4X
prod_01KNVHQWMW46KX0W49CG390Z0H,mahindra-scorpio-s,Mahindra Scorpio S,published,http://localhost:9000/static/1775820663746-scoripiowhiterear.jpg,sc_01KK94KTZWH57P930HPMREMB4X
prod_01KNVHQWPW9R0E2M8GE3K0THJW,mahindra-scorpio-s4,Mahindra Scorpio S4,published,http://localhost:9000/static/1775820714318-scorpiogoldenfront.jpg,sc_01KK94KTZWH57P930HPMREMB4X
prod_01KNVHQWRW6HF567KYB43M3J0A,mahindra-tuv300,Mahindra TUV300,published,http://localhost:9000/static/1775820767958-orange1.jpg,sc_01KK94KTZWH57P930HPMREMB4X
prod_01KNVHQWTS1MWDPVM0GNEG1A6S,mahindra-tuv300-t4,Mahindra TUV300 T4,published,http://localhost:9000/static/1775820795070-black2.jpg,sc_01KK94KTZWH57P930HPMREMB4X
prod_01KNVHQWWR16W99ZCTTS0MXXXS,mahindra-tuv300-t6,Mahindra TUV300 T6,published,http://localhost:9000/static/1775820822844-blue1.jpg,sc_01KK94KTZWH57P930HPMREMB4X
prod_01KNVHQWYV31T9S1HMH3S7G5QB,mahindra-tuv300-t8,Mahindra TUV300 T8,published,http://localhost:9000/static/1775820884117-tuv_360_02.jpg,sc_01KK94KTZWH57P930HPMREMB4X
prod_01KNVHQX1WNB97RMYH6PGYZSTC,mahindra-tuv300-t4-plus,Mahindra TUV300 T4+,published,http://localhost:9000/static/1775820908119-red1.jpg,sc_01KK94KTZWH57P930HPMREMB4X
prod_01KNVHQX4JSNNV725R966HK858,mahindra-tuv300-t6-plus,Mahindra TUV300 T6+,published,http://localhost:9000/static/1775820931423-silver1.jpg,sc_01KK94KTZWH57P930HPMREMB4X
prod_01KNVHQX6P5M89XHJWN3JQC53V,jaguar-xj,Jaguar XJ,published,http://localhost:9000/static/1775820972323-jaguarxjl-1.jpg,sc_01KK94KTZWH57P930HPMREMB4X
prod_01KNVM0Z73SG77YW88GJBG5WGE,tata-hexa,Tata Hexa,published,http://localhost:9000/static/1775822317760-hexafront.jpg,sc_01KK94KTZWH57P930HPMREMB4X
prod_01KNVM0ZBQM9RV4W6VMYK8VWT2,tata-hexa-xe,Tata Hexa XE,published,http://localhost:9000/static/1775822346409-hexafront.jpg,sc_01KK94KTZWH57P930HPMREMB4X
prod_01KNVM0ZE1MVEFWB5CZEY6PPEZ,tata-hexa-xm,Tata Hexa XM,published,http://localhost:9000/static/1775822369427-hexaleft.jpg,sc_01KK94KTZWH57P930HPMREMB4X
prod_01KNVM0ZG81ZJVV01C61S4X3KK,toyota-innova,Toyota Innova,published,http://localhost:9000/static/1775822910936-toyotacryta.jpg,sc_01KK94KTZWH57P930HPMREMB4X
prod_01KNVM0ZJGF6J90QG9A9MMB8T0,toyota-innova-g,Toyota Innova G,published,http://localhost:9000/static/1775822947497-toyotacryta.jpg,sc_01KK94KTZWH57P930HPMREMB4X
prod_01KNVM0ZMRG7Q6R2QNK9QGHYCD,toyota-innova-gx,Toyota Innova GX,published,http://localhost:9000/static/1775823581868-toyotacryta.jpg,sc_01KK94KTZWH57P930HPMREMB4X
prod_01KNVP0QEK6C8SZXXVBRNABKRX,tata-tiago,Tata Tiago,published,http://localhost:9000/static/1775824403634-tiago-front.jpg,sc_01KK94KTZWH57P930HPMREMB4X
prod_01KNVP0QJJX0XMXQH5WGHER87W,tata-tiago-xe,Tata Tiago XE,published,http://localhost:9000/static/1775824441671-tiango-left.jpg,sc_01KK94KTZWH57P930HPMREMB4X
prod_01KNVP0QMMDN9WGCC1P6MTX923,tata-tiago-xm,Tata Tiago XM,published,http://localhost:9000/static/1775824471228-tiagoblue.jpg,sc_01KK94KTZWH57P930HPMREMB4X
prod_01KNXN4H172TNWF5A6BY5KXA70,maruti-suzuki-alto-k10,Maruti Suzuki Alto K10,published,http://localhost:9000/static/1775890706097-ALTO_RED.jpg,sc_01KK94KTZWH57P930HPMREMB4X
prod_01KNXN4HBKW5QMZ62Y24236ZWS,maruti-suzuki-alto-k10-std,Maruti Suzuki Alto K10 STD,published,http://localhost:9000/static/1775890934940-ALTO_RED1.jpg,sc_01KK94KTZWH57P930HPMREMB4X
prod_01KNXN4HE1BE8G6P6M3CQ08FGB,maruti-suzuki-alto-k10-lxi,Maruti Suzuki Alto K10 LXI,published,http://localhost:9000/static/1775890976226-alto-k10-front.jpg,sc_01KK94KTZWH57P930HPMREMB4X
prod_01KNXN4HGATARCFBPY7PHWK4NA,maruti-suzuki-alto-k10-vxi,Maruti Suzuki Alto K10 VXI,published,http://localhost:9000/static/1775891016274-alto_k10_right.jpg,sc_01KK94KTZWH57P930HPMREMB4X
prod_01KNXN4HJ6CQGKHWJZ1Q2WZ8ND,maruti-suzuki-alto-k10-vxi-plus,Maruti Suzuki Alto K10 VXI+,published,http://localhost:9000/static/1775891063230-WHI.jpg,sc_01KK94KTZWH57P930HPMREMB4X
prod_01KNXN4HKW1259RRA3E89KP31H,maruti-suzuki-baleno,Maruti Suzuki Baleno,published,http://localhost:9000/static/1775891103429-maruti-baleno-front2.jpg,sc_01KK94KTZWH57P930HPMREMB4X
prod_01KNXN4HP6G3K176CB5PX8GBR5,maruti-suzuki-baleno-sigma,Maruti Suzuki Baleno Sigma,published,http://localhost:9000/static/1775891141785-Hyundai-Creta-SUV-01upload.jpg,sc_01KK94KTZWH57P930HPMREMB4X
prod_01KNXN4HRRTGSW7WSC34BQH3AE,maruti-suzuki-baleno-delta,Maruti Suzuki Baleno Delta,published,http://localhost:9000/static/1775891167793-maruti-suzuki-balino-front.jpg,sc_01KK94KTZWH57P930HPMREMB4X
prod_01KNXN4HTM20A89TZDWBVMN7E8,maruti-suzuki-baleno-zeta,Maruti Suzuki Baleno Zeta,published,http://localhost:9000/static/1775891216284-maruti-suzuki-baleno-back.jpg,sc_01KK94KTZWH57P930HPMREMB4X
prod_01KNXN4HWGD0QYNDYGMRQCFYVK,maruti-suzuki-brezza,Maruti Suzuki Brezza,published,http://localhost:9000/static/1775891250140-breezafrontblue.jpg,sc_01KK94KTZWH57P930HPMREMB4X
prod_01KNXN4HY7NMN6VSCQ0S7ZKMZB,maruti-suzuki-brezza-lxi,Maruti Suzuki Brezza LXI,published,http://localhost:9000/static/1775891290228-Maruti%20Suzuki%20Vitara%20Brezza_front.jpg,sc_01KK94KTZWH57P930HPMREMB4X
prod_01KNXN4J07G2DQ2SN6R8GBR1YG,maruti-suzuki-brezza-vxi,Maruti Suzuki Brezza VXI,published,http://localhost:9000/static/1775891378400-marutibreezafrontbrow.jpg,sc_01KK94KTZWH57P930HPMREMB4X
prod_01KNXN4J1VZ4AD6S6J3TFSBW3C,maruti-suzuki-brezza-zxi,Maruti Suzuki Brezza ZXI,published,http://localhost:9000/static/1775891415442-vitarablack.jpg,sc_01KK94KTZWH57P930HPMREMB4X
prod_01KNXN4J3F4WCBSQXQBQ5BDSNS,maruti-suzuki-celerio,Maruti Suzuki Celerio,published,http://localhost:9000/static/1775891443004-bluecelerio.jpg,sc_01KK94KTZWH57P930HPMREMB4X
prod_01KNXN4J5CBNS65WMYNKMDZ294,maruti-suzuki-celerio-lxi,Maruti Suzuki Celerio LXI,published,http://localhost:9000/static/1775891470327-redceleriofront.jpg,sc_01KK94KTZWH57P930HPMREMB4X
prod_01KNXN4J7BG1AJBR72HQJMHKZ0,maruti-suzuki-celerio-vxi,Maruti Suzuki Celerio VXI,published,http://localhost:9000/static/1775891493259-celerioleft.jpg,sc_01KK94KTZWH57P930HPMREMB4X
prod_01KNXN4J9FNNRYRHCJBAJQWM55,maruti-suzuki-celerio-zxi,Maruti Suzuki Celerio ZXI,published,http://localhost:9000/static/1775891516591-yellowcleriofron.jpg,sc_01KK94KTZWH57P930HPMREMB4X
prod_01KNXN4JB4YPPB0S47WWKT18R0,maruti-suzuki-ciaz,Maruti Suzuki Ciaz,published,http://localhost:9000/static/1775891552130-ciazredfront.jpg,sc_01KK94KTZWH57P930HPMREMB4X
prod_01KNXN4JCZFA46NZRJ1R245GHY,maruti-suzuki-ciaz-sigma,Maruti Suzuki Ciaz Sigma,published,http://localhost:9000/static/1775891586751-ciazgreyfron.jpg,sc_01KK94KTZWH57P930HPMREMB4X
prod_01KNXN4JF73PE5CGCE5JG37K54,maruti-suzuki-ciaz-delta,Maruti Suzuki Ciaz Delta,published,http://localhost:9000/static/1775891608419-ciazredfront.jpg,sc_01KK94KTZWH57P930HPMREMB4X
prod_01KNXN4JH6EA5JGXRCPEKBFNB6,maruti-suzuki-ciaz-zeta,Maruti Suzuki Ciaz Zeta,published,http://localhost:9000/static/1775891635215-ciazside.jpg,sc_01KK94KTZWH57P930HPMREMB4X
prod_01KNXN4JKER9V9KJ5AGTFH63W3,maruti-suzuki-eeco,Maruti Suzuki Eeco,published,http://localhost:9000/static/1775891670084-eeco_front.jpg,sc_01KK94KTZWH57P930HPMREMB4X
prod_01KNXN4JNV2CZXGKPGZWKHWW0G,maruti-suzuki-eeco-5-seater-standard,Maruti Suzuki Eeco 5 Seater Standard,published,http://localhost:9000/static/1775891700528-eeco_left.jpg,sc_01KK94KTZWH57P930HPMREMB4X
prod_01KNXN4JR14A9D8DC5VZ7BXFRE,maruti-suzuki-eeco-7-seater-standard,Maruti Suzuki Eeco 7-Seater Standard,published,http://localhost:9000/static/1775891726989-maruti-suzuki-eco.jpg,sc_01KK94KTZWH57P930HPMREMB4X
prod_01KNXQNS16CNVXW5M79YB0YFQ2,maruti-suzuki-ertiga,Maruti Suzuki Ertiga,published,http://localhost:9000/static/1775893339228-ertigabluefront.jpg,sc_01KK94KTZWH57P930HPMREMB4X
prod_01KNXQNS6JAPPPSZP5VS11GXPS,maruti-suzuki-ertiga-lxi,Maruti Suzuki Ertiga LXI,published,http://localhost:9000/static/1775893368054-ertigabluefront.jpg,sc_01KK94KTZWH57P930HPMREMB4X
prod_01KNXQNS8J2JFMF53NVQ7Z4YG9,maruti-suzuki-ertiga-vxi,Maruti Suzuki Ertiga VXI,published,http://localhost:9000/static/1775893389217-ertigabrown.jpg,sc_01KK94KTZWH57P930HPMREMB4X
prod_01KNXQNSAJC1AR4KWYN9G93D1X,maruti-suzuki-ertiga-zxi,Maruti Suzuki Ertiga ZXI,published,http://localhost:9000/static/1775893414644-ertigapurplfront.jpg,sc_01KK94KTZWH57P930HPMREMB4X
prod_01KNXQNSCZWPNH92722DSG7JM4,maruti-suzuki-ertiga-vxi-at,Maruti Suzuki Ertiga VXI AT,published,http://localhost:9000/static/1775893446275-ertigawhitefront.jpg,sc_01KK94KTZWH57P930HPMREMB4X
prod_01KNXQNSFFZPWMEKM2DB55EFNK,maruti-suzuki-omni,Maruti Suzuki Omni,published,http://localhost:9000/static/1775893482723-omnibluerear.jpg,sc_01KK94KTZWH57P930HPMREMB4X
prod_01KNXQNSHBNA983H4TCWWM3J10,maruti-suzuki-omni-5-seater,Maruti Suzuki Omni 5 Seater,published,http://localhost:9000/static/1775893518777-omnibluefront.jpg,sc_01KK94KTZWH57P930HPMREMB4X
prod_01KNXQNSKCKRNXFA0C323QKF31,maruti-suzuki-omni-8-seater,Maruti Suzuki Omni 8 Seater,published,http://localhost:9000/static/1775893560711-omniwhitefront.jpg,sc_01KK94KTZWH57P930HPMREMB4X
prod_01KNXQNSN9KVA8PWA3JH1SGXJB,maruti-suzuki-swift,Maruti Suzuki Swift,published,http://localhost:9000/static/1775893606527-upload4.jpg,sc_01KK94KTZWH57P930HPMREMB4X
prod_01KNXQNSQ6N8A01YKK1XXWW0MQ,maruti-suzuki-swift-lxi,Maruti Suzuki Swift LXI,published,http://localhost:9000/static/1775893699992-maruti-suzuki-swift-3.jpg,sc_01KK94KTZWH57P930HPMREMB4X
prod_01KNXQNSRWYGWY9X9XT3M5C8BM,maruti-suzuki-swift-vxi,Maruti Suzuki Swift VXI,published,http://localhost:9000/static/1775893723510-newupload.jpg,sc_01KK94KTZWH57P930HPMREMB4X
prod_01KNXQNSTZ6595T9VAJVM1GTBZ,maruti-suzuki-swift-dzire,Maruti Suzuki Swift Dzire,published,http://localhost:9000/static/1775893771055-Maruti-Swift-DZire-240112--01_092543.jpg,sc_01KK94KTZWH57P930HPMREMB4X
prod_01KNXQNSWWVFSF7R3F11WYC3KE,maruti-suzuki-swift-dzire-lxi,Maruti Suzuki Swift Dzire LXI,published,http://localhost:9000/static/1775893820878-Maruti-Swift-DZire-240112--01_092543.jpg,sc_01KK94KTZWH57P930HPMREMB4X
prod_01KNXQNSYRCCR1Y65R53WQSTAF,maruti-suzuki-swift-dzire-vxi,Maruti Suzuki Swift Dzire VXI,published,http://localhost:9000/static/1775893858481-swift-right-front-three-quarter.webp,sc_01KK94KTZWH57P930HPMREMB4X
prod_01KNXRZJ436JERGPJZYXKFVXP2,maruti-suzuki-s-cross,Maruti Suzuki S-Cross,published,http://localhost:9000/static/1775894616182-scrossbulerear.jpg,sc_01KK94KTZWH57P930HPMREMB4X
prod_01KNXRZJ7JBSSWVQH8FVMA3MGY,maruti-suzuki-s-cross-sigma,Maruti Suzuki S-Cross Sigma,published,http://localhost:9000/static/1775894645735-s-crossbluefront.jpg,sc_01KK94KTZWH57P930HPMREMB4X
prod_01KNXRZJ9N9JER7E5JZ7865FMP,maruti-suzuki-s-cross-delta,Maruti Suzuki S-Cross Delta,published,http://localhost:9000/static/1775894673657-s-crossredfront.jpg,sc_01KK94KTZWH57P930HPMREMB4X
prod_01KNXRZJBYVFWHKQ582FQZHGA9,maruti-suzuki-s-cross-zeta,Maruti Suzuki S-Cross Zeta,published,http://localhost:9000/static/1775894698094-s-crosswhitefront.jpg,sc_01KK94KTZWH57P930HPMREMB4X
prod_01KNXRZJED0TP36QTM41S30E8N,maruti-suzuki-wagon-r,Maruti Suzuki Wagon R,published,http://localhost:9000/static/1775894833308-front.jpg,sc_01KK94KTZWH57P930HPMREMB4X
prod_01KNXRZJG9MRT0R2AEC0DY86ZK,maruti-suzuki-wagon-r-lxi,Maruti Suzuki Wagon R LXI,published,http://localhost:9000/static/1775894875294-front-blue.jpg,sc_01KK94KTZWH57P930HPMREMB4X
prod_01KNXRZJJFJQK8ET0PBW0VZXM7,maruti-suzuki-wagon-r-vxi,Maruti Suzuki Wagon R VXI,published,http://localhost:9000/static/1775894900038-front-yellow.jpg,sc_01KK94KTZWH57P930HPMREMB4X
prod_01KNXRZJMCV36W340BFY9FYABJ,maruti-suzuki-wagon-r-zxi,Maruti Suzuki Wagon R ZXI,published,http://localhost:9000/static/1775894923013-wagonred.jpg,sc_01KK94KTZWH57P930HPMREMB4X
prod_01KP027SR5BF4DRJWPJQNYGX6V,mahindra-xuv-3xo,Mahindra XUV 3XO,published,http://localhost:9000/static/1775971573023-Mahindra_XUV_3_XO_c5ac6b2bff.jpg,sc_01KK94KTZWH57P930HPMREMB4X
prod_01KP027TA3K5RVYP7MVJGZGKQH,mahindra-xuv-3xo-mx1,Mahindra XUV 3XO MX1,published,http://localhost:9000/static/1775971766219-xuv3xoax5everestwhite_base.webp,sc_01KK94KTZWH57P930HPMREMB4X
prod_01KP027TD2XG0DYWMK2VJJ3FYG,mahindra-xuv-3xo-mx2,Mahindra XUV 3XO MX2,published,http://localhost:9000/static/1775971850002-mahindra-xuv-3xo.jpeg,sc_01KK94KTZWH57P930HPMREMB4X
prod_01KP027TFQX8B2HP2C1V8K443A,mahindra-xuv-3xo-mx3,Mahindra XUV 3XO MX3,published,http://localhost:9000/static/1775971884279-dlnbidb_1737077.webp,sc_01KK94KTZWH57P930HPMREMB4X
prod_01KP027TJ2WXB8HKEKKZB0FVMX,mahindra-xuv-3xo-ax5,Mahindra XUV 3XO AX5,published,http://localhost:9000/static/1775971943245-xuv3xoax5everestwhite_base.webp,sc_01KK94KTZWH57P930HPMREMB4X
prod_01KP027TMQ4ZFC9789RNRZ64H5,mahindra-xev-9s,Mahindra XEV 9S,published,http://localhost:9000/static/1775972563972-mahindra-xev-9e-cineluxe-edition-launched-in-india-premium-v0-7pwiqlay5lmg1.webp,sc_01KK94KTZWH57P930HPMREMB4X
prod_01KP027TQ38H664FH1YPHGBXQD,mahindra-xev-9s-base,Mahindra XEV 9S Base,published,http://localhost:9000/static/1775972621141-download%20(1).jpg,sc_01KK94KTZWH57P930HPMREMB4X
prod_01KP027TSQTSDM6G7SSCBX7J0E,mahindra-xev-9s-pack1,Mahindra XEV 9S Pack1,published,http://localhost:9000/static/1775972660719-front-left-side-47.jpg,sc_01KK94KTZWH57P930HPMREMB4X
prod_01KP027TY1H77EBPZ2C7RY6MBW,mahindra-xev-9s-pack2,Mahindra XEV 9S Pack 2,published,http://localhost:9000/static/1775972723600-images%20(3).jpg,sc_01KK94KTZWH57P930HPMREMB4X
prod_01KP027V029VBG2XZF35F06WY3,mahindra-xev-9s-pack3,Mahindra XEV 9S Pack 3,published,http://localhost:9000/static/1775972769476-Mahindra-XEV-9e-041120241305.jpg,sc_01KK94KTZWH57P930HPMREMB4X
prod_01KP027V241BGP4NVCD29FCH89,mahindra-be6,Mahindra BE6,published,http://localhost:9000/static/1775972924986-download%20(1).jpg,sc_01KK94KTZWH57P930HPMREMB4X
prod_01KP027V4CC5GRJ51MFA9T9Y7E,mahindra-be6-base,Mahindra BE6 Base,published,http://localhost:9000/static/1775972960525-images.jpg,sc_01KK94KTZWH57P930HPMREMB4X
prod_01KP027V6AQSFCNR5VJ6F0CJPS,mahindra-be6-pack2,Mahindra BE6 Pack2,published,http://localhost:9000/static/1775973007225-042589f7-91e6-4032-95d4-603d8c435c2d-16-_4_.webp,sc_01KK94KTZWH57P930HPMREMB4X
prod_01KP027V8BAWZ369438GAW0YB6,mahindra-be6-special-edition,Mahindra BE6 Special Edition,published,http://localhost:9000/static/1775973054005-download.jpg,sc_01KK94KTZWH57P930HPMREMB4X
prod_01KP027VAVAE0Q1AQZFNNADK9X,mahindra-thar,Mahindra Thar,published,http://localhost:9000/static/1775973149000-images%20(1).jpg,sc_01KK94KTZWH57P930HPMREMB4X
prod_01KP027VCHWPYAGV399GKEW41S,mahindra-thar-ax-o,Mahindra Thar AX(O),published,http://localhost:9000/static/1775973189229-Mahindra%20Thar.png,sc_01KK94KTZWH57P930HPMREMB4X
prod_01KP027VEMYNY1Z9958EPCW0WH,mahindra-thar-lx,Mahindra Thar LX,published,http://localhost:9000/static/1775973292097-images%20(4).jpg,sc_01KK94KTZWH57P930HPMREMB4X
prod_01KP027VGNYWSSG6EQYBN8NCSP,mahindra-thar-lx-hard-top,Mahindra Thar LX Hard Top,published,http://localhost:9000/static/1775973327046-Mahindra-Thar-Everest-White-1759897709808-500x261.webp,sc_01KK94KTZWH57P930HPMREMB4X
prod_01KP027VJWFTCTAYKPAN933JGT,mahindra-thar-lx-convertible,Mahindra Thar LX Convertible,published,http://localhost:9000/static/1775973365350-Mahindra%20Thar.png,sc_01KK94KTZWH57P930HPMREMB4X
prod_01KP027VMSBA6KK9F541GJBDBJ,mahindra-bolero-neo,Mahindra Bolero Neo,published,http://localhost:9000/static/1775973438664-colour_mahindra-boleroneo_diamond-white_930x523.jpg,sc_01KK94KTZWH57P930HPMREMB4X
prod_01KP027VPV0DN3D22TYCSH4VC4,mahindra-bolero-neo-n4,Mahindra Bolero Neo N4,published,http://localhost:9000/static/1775973470569-colour_mahindra-boleroneo_rocky-beige_930x523.jpg,sc_01KK94KTZWH57P930HPMREMB4X
prod_01KP027VS69YZ2FP8FG6AVAV1N,mahindra-bolero-neo-n6,Mahindra Bolero Neo N6,published,http://localhost:9000/static/1775973496782-download%20(1).jpg,sc_01KK94KTZWH57P930HPMREMB4X
prod_01KP027VV3RE7J53PYREDVJSTF,mahindra-bolero-neo-n8,Mahindra Bolero Neo N8,published,http://localhost:9000/static/1775973524078-test_qrBsOnW.png,sc_01KK94KTZWH57P930HPMREMB4X
prod_01KP027VX3JTK4ZG53EV045E84,mahindra-bolero-neo-n10,Mahindra Bolero Neo N10,published,http://localhost:9000/static/1775973565187-images.jpg,sc_01KK94KTZWH57P930HPMREMB4X